M,cuBLAS,Triton
256.0,0.0,0.0
384.0,0.0,0.0
512.0,0.0,0.0
640.0,0.0,0.0
768.0,0.0,0.0
896.0,0.0,0.0
1024.0,0.0,0.0
1152.0,0.1,0.1
1280.0,0.1,0.1
1408.0,0.1,0.1
1536.0,0.1,0.1
1664.0,0.1,0.1
1792.0,0.2,0.1
1920.0,0.2,0.2
2048.0,0.2,0.2
2176.0,0.3,0.3
2304.0,0.3,0.3
2432.0,0.4,0.4
2560.0,0.5,0.5
2688.0,0.6,0.5
2816.0,0.7,0.6
2944.0,0.8,0.7
3072.0,0.9,0.8
3200.0,1.1,0.9
3328.0,1.1,1.1
3456.0,1.3,1.2
3584.0,1.3,1.3
3712.0,1.5,1.4
3840.0,1.6,1.6
3968.0,1.7,1.8
4096.0,2.3,2.0
